<?xml version="1.0" encoding="UTF-8"?>
<project-private xmlns="http://www.netbeans.org/ns/project-private/1">
    <editor-bookmarks xmlns="http://www.netbeans.org/ns/editor-bookmarks/2" lastBookmarkId="1">
        <file>
            <url>src/Telas/Aluno.java</url>
            <bookmark id="1">
                <name/>
                <line>447</line>
                <key/>
            </bookmark>
        </file>
    </editor-bookmarks>
    <open-files xmlns="http://www.netbeans.org/ns/projectui-open-files/2">
        <group>
            <file>file:/C:/Users/Jean%20Santiago/Desktop/Unisociesc/Sistema%20A3/academia/src/Telas/tela_login.java</file>
            <file>file:/C:/Users/Jean%20Santiago/Desktop/Unisociesc/Sistema%20A3/academia/src/Telas/Treino.java</file>
            <file>file:/C:/Users/Jean%20Santiago/Desktop/Unisociesc/Sistema%20A3/academia/src/Telas/Aluno.java</file>
            <file>file:/C:/Users/Jean%20Santiago/Desktop/Unisociesc/Sistema%20A3/academia/src/Modelos/Alunos.java</file>
            <file>file:/C:/Users/Jean%20Santiago/Desktop/Unisociesc/Sistema%20A3/academia/src/Controle/Controle_Aluno.java</file>
            <file>file:/C:/Users/Jean%20Santiago/Desktop/Unisociesc/Sistema%20A3/academia/src/Controle/ConectaBanco.java</file>
            <file>file:/C:/Users/Jean%20Santiago/Desktop/Unisociesc/Sistema%20A3/academia/src/Modelos/Treinos.java</file>
            <file>file:/C:/Users/Jean%20Santiago/Desktop/Unisociesc/Sistema%20A3/academia/src/Controle/Controle_Treino.java</file>
        </group>
    </open-files>
</project-private>
